,City,Lat,Lng,Max Temp,Humidity,Cloudiness,Wind Speed,Country,Date
0,kapaa,22.0752,-159.319,73.4,53,20,3.44,US,1613019222
1,mys shmidta,27.0167,75,72.34,25,0,5.21,IN,1613019222
2,nawa,68.1214,13.5031,31.06,86,94,9.28,NO,1613019223
3,gravdal,-54.8,-68.3,64.4,48,40,14.97,AR,1613019174
4,ushuaia,43.2128,-75.4557,17.01,73,90,1.41,US,1613018996
5,roma,42.097,-79.2353,18,86,90,5.75,US,1613019223
6,jamestown,58.3807,12.3234,19.4,85,90,13.8,SE,1613019223
7,lawar,-34.4187,19.2345,66.99,88,4,5.99,ZA,1613019065
8,vanersborg,22.6783,-3.9836,60.57,27,0,9.82,ML,1613019224
9,hermanus,-31.5375,-68.5364,74.43,44,14,5.14,AR,1613019224
10,,6.1241,81.1185,82.4,69,40,6.91,LK,1613019224
11,,-33.0117,17.9442,60.8,82,0,3.44,ZA,1613019224
12,,68.2191,-135.0107,-25.6,75,0,4.61,CA,1613019224
13,,13.5167,35.7667,71.4,32,76,2.82,SD,1613019225
14,,-46.1333,167.6833,51.44,84,100,11.99,NZ,1613019056
15,,-34.1833,150.6,89.01,43,2,1.99,AU,1613019225
16,,-38.0023,-57.5575,68,88,90,16.11,AR,1613019091
17,,-20.4081,57.7,82.99,66,85,8.99,MU,1613019168
18,,22.8909,-109.9124,64.4,77,1,3.44,MX,1613019225
19,,-21.2,-175.2,84.2,79,20,13.8,TO,1613019129
20,,-5.1989,-35.4608,80.6,78,20,9.22,BR,1613019142
21,,41.7597,86.1469,40.91,58,96,6.38,CN,1613019226
22,,5.4112,100.3354,88,83,40,2.39,MY,1613018976
23,,71.9167,114.0833,-20.92,84,0,6.31,RU,1613019226
24,,-40.8135,-62.9967,64.99,84,21,17.58,AR,1613019194
25,,-22.6667,167.4833,76.77,81,0,14.61,NC,1613019226
26,,68.0531,39.5131,0.97,92,55,12.44,RU,1613019227
27,,9.285,105.7244,82,66,97,15.77,VN,1613019227
28,,-37.6167,-73.65,58.91,97,9,9.66,CL,1613019227
29,,47.5999,-53.2648,19.4,73,90,25.32,CA,1613019227
30,,44.5833,129.4167,25.86,95,100,1.79,CN,1613019227
31,,-6.8367,-79.9342,72,87,60,1.99,PE,1613019227
32,,32.7933,12.4885,59.74,79,0,11.88,LY,1613019228
33,,43.3376,-6.4145,52,93,75,4.61,ES,1613019228
34,,-46.1927,168.8643,51.44,79,100,11.5,NZ,1613019119
35,,66.8333,70.8333,-19.34,87,98,15.03,RU,1613019121
36,,71.2906,-156.7887,-41.8,83,1,10.36,US,1613019228
37,,60.4167,134.5333,5.04,93,99,3.65,RU,1613019228
38,,25.5198,90.2201,78.58,28,0,3.4,IN,1613019229
39,,72.7868,-56.1549,-1.61,90,94,9.98,GL,1613019229
40,,-0.6,73.0833,81.88,79,25,12.55,MV,1613019229
41,,-13.275,-50.1628,70.95,94,59,2.77,BR,1613019229
42,,-21.3585,55.7679,84.99,65,20,5.75,RE,1613019229
43,,-8.9266,125.4092,72.32,88,99,3.56,TL,1613019229
44,,43.05,27.35,50,76,0,13.24,BG,1613019229
45,,69.4541,-133.0374,-23.8,76,1,16.11,CA,1613019230
46,,-19.0595,-169.9187,84.2,74,100,8.05,NU,1613019062
47,,-4.1333,104.1667,84.63,78,56,3.6,ID,1613019230
48,,-42.8794,147.3294,78.01,40,0,11.5,AU,1613019042
49,,-28.7667,114.6,78.8,38,0,26.46,AU,1613019170
50,,-14.6585,17.691,59.58,79,95,4.12,AO,1613019230
51,,9.538,-13.6773,76.8,79,0,7.96,GN,1613019230
52,,-8.7,34.3833,65.16,96,100,2.15,TZ,1613019231
53,,-33.65,115.3333,68,65,65,5.01,AU,1613019231
54,,-46.6,168.3333,52.57,84,100,26.33,NZ,1613019231
55,,9.8383,-83.8656,64,81,87,8.99,CR,1613019231
56,,71.9667,102.5,-22.16,83,2,3.94,RU,1613019075
57,,39.05,-27.9833,57.9,66,31,35.19,PT,1613019232
58,,37.4,136.9,42.8,65,75,8.05,JP,1613019232
59,,-9.8,-139.0333,78.75,80,3,18.52,PF,1613019056
60,,8.1222,-63.5497,75.74,69,38,12.26,VE,1613019232
61,,-34.0033,24.7314,71.01,91,9,1.99,ZA,1613019134
62,,55.7435,-97.8558,-29.2,75,40,5.75,CA,1613019232
63,,-41.8697,-73.8203,64,88,0,4.61,CL,1613019232
64,,65.6145,-37.6368,12.2,48,79,6.91,GL,1613019233
65,,7.9803,49.8164,75.24,67,71,16.69,SO,1613019233
66,,-14.8333,-64.9,69.64,96,100,3.44,BO,1613019203
67,,-8.6833,36.7167,63.73,100,100,2.35,TZ,1613019233
68,,19.7297,-155.09,73.4,64,1,5.75,US,1613019059
69,,71.6872,128.8694,-12.75,88,15,1.99,RU,1613019233
70,,59.7035,30.7861,6.8,78,75,4.47,RU,1613019064
71,,4.423,-7.3528,77.59,90,23,5.95,CI,1613019115
72,,3.0707,172.7902,81.73,77,100,14.54,KI,1613019093
73,,64.75,177.4833,-11.2,64,0,6.71,RU,1613019234
74,,20.8947,-156.47,73.4,56,40,14.97,US,1613019040
75,,34.1199,72.4699,66.16,26,0,2.06,PK,1613018951
76,,42.6001,-73.9662,23,46,100,1.88,US,1613019235
77,,-8.3581,-42.2467,74.61,79,94,2.3,BR,1613019235
78,,14.9215,-23.5087,69.8,68,0,13.8,CV,1613019167
79,,-0.7393,-90.3518,75,99,85,5.5,EC,1613019235
80,,-33.9258,18.4232,68,88,0,8.05,ZA,1613019069
81,,7.9986,124.2928,82.99,84,86,8.01,PH,1613019235
82,,50.4097,36.9136,19.4,93,90,6.71,RU,1613019235
83,,-53.15,-70.9167,55.4,88,75,9.22,CL,1613019106
84,,16.25,99.5,88.65,24,1,3.96,TH,1613019236
85,,-2.9248,-39.9167,79.47,84,87,9.62,BR,1613019236
86,,-20.3167,118.5667,89.6,66,1,17.27,AU,1613019236
87,,-33.5906,26.891,73,94,25,6.55,ZA,1613019236
88,,10.6112,-66.8522,80.6,78,75,5.75,VE,1613019236
89,,29.9697,40.2064,48.2,66,0,6.91,SA,1613018992
90,,61.67,96.37,-8.97,85,100,2.86,RU,1613019237
91,,-6.6447,-51.995,71.74,96,100,0.56,BR,1613019237
92,,-42.7826,147.0587,78.01,30,96,1.01,AU,1613019055
93,,41.5284,-87.4237,19.99,67,90,9.22,US,1613019237
94,,-21.2078,-159.775,82.4,74,20,2.3,CK,1613019143
95,,-3.8004,102.2655,84.7,65,55,7.58,ID,1613018951
96,,-23.1203,-134.9692,78.44,79,2,14.25,PF,1613019048
97,,38.421,-121.4238,55.99,71,1,8.05,US,1613019198
98,,-24.7911,-50.0119,60.78,96,100,6.69,BR,1613019238
99,,10.5669,72.642,81.5,59,83,6.87,IN,1613019238
100,,32.31,54.0175,51.8,30,90,4.61,IR,1613019238
101,,38.6979,-9.4215,59,96,100,12.24,PT,1613019238
102,,-15.8631,-38.8828,73.4,88,20,7.02,BR,1613019238
103,,60.7522,-137.5108,-29.2,68,0,1.14,CA,1613019239
104,,42.0304,-8.1588,51.01,96,100,13,PT,1613019100
105,,71.0357,27.8492,21.2,73,20,8.05,NO,1613019107
106,,-33.918,25.5701,71.6,94,75,4.61,ZA,1613019239
107,,14.0351,-83.3888,73.51,86,4,5.21,NI,1613019239
108,,-20.3428,57.7575,82.99,66,22,8.99,MU,1613019240
109,,78.2186,15.6401,5,66,75,19.57,SJ,1613019240
110,,4.1363,96.1285,86.7,63,97,3.09,ID,1613019240
111,,28.3667,129.4833,62.6,77,75,20.71,JP,1613019142
112,,-33.8667,121.9,66.2,55,90,17.27,AU,1613019240
113,,-5.5502,150.1429,78.19,89,99,4.09,PG,1613019241
114,,31.3318,37.3428,46.4,87,0,13.8,SA,1613019241
115,,64.8945,-23.7142,35.47,89,100,19.06,IS,1613019116
116,,44.0625,-103.1463,3,78,90,6.91,US,1613019241
117,,-20.1883,32.6236,64.9,99,91,4.09,ZW,1613019004
118,,66.9395,-53.6735,11.52,94,78,11.56,GL,1613019241
119,,69.7008,170.3133,-18.18,71,0,1.1,RU,1613019120
120,,63.7553,121.6247,-11.58,89,3,3.22,RU,1613019242
121,,-20.7377,116.8463,93.7,46,15,10.65,AU,1613019108
122,,69.3833,178.4167,-28.88,82,0,4.03,RU,1613019121
123,,21.4612,-71.1419,76.68,76,0,18.05,TC,1613019059
124,,-13.7,-76.2167,71.6,78,0,5.75,PE,1613019243
125,,19.75,10.25,58.39,29,0,2.64,NE,1613019243
126,,20.5169,-13.0499,63.23,24,0,10.27,MR,1613019243
127,,4.375,-7.7169,78.37,88,55,6.42,LR,1613019054
128,,67.4667,78.7,-29.4,85,100,4.41,RU,1613018978
129,,51.3813,1.3862,33.01,71,99,1.99,GB,1613019243
130,,52.839,-110.8572,-27.4,75,100,3.44,CA,1613019244
131,,-24.8667,113.6333,80.6,65,0,20.71,AU,1613019244
132,,20.5022,-10.0711,60.39,25,0,10.13,MR,1613019244
133,,7.7669,-72.225,64.54,88,20,2.39,VE,1613019244
134,,-33.0153,27.9116,71.6,94,0,6.91,ZA,1613019244
135,,-22.9661,-42.0278,73.76,82,100,2.66,BR,1613019144
136,,38.5333,-28.6333,57.9,68,69,29.01,PT,1613019245
137,,24.0934,32.907,63.63,33,44,9.26,EG,1613019245
138,,13.7796,124.39,83.57,72,1,10.16,PH,1613019245
139,,63.7256,8.834,15.8,86,20,16.11,NO,1613019245
140,,-34.5322,20.0403,55.4,94,0,3.44,ZA,1613019245
141,,24.6877,46.7219,53.6,35,0,4.85,SA,1613019246
142,,19.2056,-69.3369,73.49,84,17,9.17,DO,1613019246
143,,60.8156,-115.7999,-20.2,76,49,5.75,CA,1613019246
144,,46.0833,125.9833,28.4,69,82,13.42,CN,1613019246
145,,17.0151,54.0924,75.2,41,0,13.8,OM,1613019101
146,,43.4065,-124.2243,46,100,75,3.44,US,1613019246
147,,36.8886,4.1198,55.54,85,52,7,DZ,1613019247
148,,50.6977,103.4656,13.1,90,100,2.01,RU,1613019247
149,,-7.738,-72.6509,73.63,98,100,1.52,BR,1613019247
150,,-34.7333,135.8667,72.55,64,100,11.23,AU,1613019056
151,,50.6996,-127.4199,35.6,64,75,17.27,CA,1613019247
152,,14.8961,-24.4956,70.95,73,19,12.77,CV,1613019247
153,,0.5412,123.0595,86.9,73,87,2.06,ID,1613019248
154,,57.0531,-135.33,23,50,1,6.91,US,1613019173
155,,39.6381,34.4672,42.08,70,0,4.52,TR,1613019248
156,,-19.55,169.2667,82.81,67,41,9.46,VU,1613019248
157,,-45.4167,167.7167,56.84,60,87,7.31,NZ,1613019008
158,,62.2266,-6.589,26.6,86,75,1.14,FO,1613019248
159,,22.2855,114.1577,66.99,76,5,3,HK,1613019186
160,,24.45,77.2,77.85,22,37,3.11,IN,1613019249
161,,-7.9386,110.2506,83.44,74,95,10.49,ID,1613019249
162,,60.9167,-46.05,33.8,27,75,32.21,GL,1613019075
163,,-13.8833,167.55,82.44,76,1,11.41,VU,1613019147
164,,65.5833,-171,-27.29,79,0,9.51,RU,1613019074
165,,68.75,161.3,-14.35,88,0,4.27,RU,1613019250
166,,-17.8333,-149.2667,78.8,69,75,10.36,PF,1613019076
167,,33.194,-82.5271,61,97,90,3.02,US,1613019250
168,,-45.8667,-67.5,64.4,82,0,32.35,AR,1613019250
169,,38.5167,-28.7,59.07,66,63,29.75,PT,1613019153
170,,12.1791,125.5072,81.14,83,77,12.26,PH,1613019250
171,,26.5412,-77.0636,73.58,83,100,12.95,BS,1613019250
172,,29.2747,82.1838,56.57,29,0,3.49,NP,1613019251
173,,34.6391,-120.4579,53.6,82,1,14.97,US,1613019086
174,,-45.5752,-72.0662,68,52,0,3.44,CL,1613019251
175,,-35.3,148.2167,86,35,0,8.05,AU,1613019251
176,,-8.7537,148.2534,87.96,60,100,6.15,PG,1613019251
177,,25.2867,51.5333,63,88,20,4.61,QA,1613019251
178,,13.2167,-59.5167,76.41,77,9,18.48,BB,1613019252
179,,3.7833,72.9667,81.19,74,77,9.51,MV,1613019252
180,,33.0833,-16.3333,60.8,94,40,3.44,PT,1613019135
181,,-25.863,26.8976,63.14,89,97,6.24,ZA,1613019252
182,,40.5982,-124.1573,44.6,100,1,3.24,US,1613019076
183,,48.6499,-53.1147,21,86,100,10.36,CA,1613019142
184,,59.2353,163.0719,6.58,93,100,6.49,RU,1613019253
185,,19.9711,-96.6114,72.28,85,3,9.1,MX,1613019253
186,,51.8501,-105.0344,-27.4,68,100,5.75,CA,1613019253
187,,43.2,51.65,45.37,63,100,16.6,KZ,1613019253
188,,18.75,73.4167,80.58,16,86,7.83,IN,1613019253
189,,-33.7456,-61.9688,64.99,63,44,6.35,AR,1613019253
190,,-26.8769,-52.4042,58.39,99,97,2.64,BR,1613019254
191,,62.456,-114.3525,-18,83,40,5.75,CA,1613019178
192,,-6.4583,-37.0978,77.18,75,37,7.2,BR,1613019129
193,,64.3833,-173.3,-11.2,64,0,20.13,RU,1613019254
194,,34.3659,107.359,61.61,34,78,1.21,CN,1613019254
195,,43.3333,19.3333,35.6,100,90,10.36,ME,1613019255
196,,62.1564,-7.1664,26.6,86,75,1.14,FO,1613019255
197,,-19.65,17.3333,63.66,91,100,7.38,NA,1613019255
198,,-27.31,31.892,73.35,89,84,3.33,SZ,1613019255
199,,-30.1811,-50.2056,73.08,83,47,13.38,BR,1613019094
200,,-45.8742,170.5036,57.99,66,75,23,NZ,1613019255
201,,-10.3845,28.698,67.14,95,100,1.39,ZM,1613019256
202,,34.4839,-114.3224,64,22,1,2.95,US,1613019256
203,,59,10.0333,17.01,73,0,10.36,NO,1613019256
204,,32.6667,-17.1,60.8,77,20,3.44,PT,1613019256
205,,53.2115,60.6069,-3.73,92,100,4.54,RU,1613019256
206,,21.1167,70.1167,78.19,32,100,4.76,IN,1613019256
207,,30.9866,103.9393,69.01,1,96,4.94,CN,1613019257
208,,17.5167,-101.2667,69.26,89,6,2.77,MX,1613019257
209,,44,24.5667,46.4,81,75,6.91,RO,1613019258
210,,-38.5473,-58.7368,60.01,95,0,1.99,AR,1613019258
211,,69.4719,25.5112,17.6,86,75,10.36,NO,1613019258
212,,50.6789,156.125,27.25,97,100,23.33,RU,1613019258
213,,3.3803,-59.7968,76.71,70,70,10.8,GY,1613019258
214,,-4.3831,-70.0311,77,100,0,2.3,BR,1613019259
215,,23.4517,108.5881,66.13,54,0,6.67,CN,1613019259
216,,28.017,-97.5169,55.4,94,90,12.66,US,1613019259
217,,52.6876,35.7667,3.94,94,100,6.22,RU,1613019259
218,,46.2732,44.22,39.2,87,53,15.66,RU,1613019259
219,,35.7333,140.8333,55,24,20,17.27,JP,1613019222
220,,42.207,-71.6856,21.2,58,90,6.91,US,1613019260
221,,64.2539,-15.2082,39.33,72,100,13.98,IS,1613019118
222,,69.2167,-51.1,14,62,90,16.11,GL,1613019260
223,,60.3964,-1.353,34.03,83,18,11.77,GB,1613019187
224,,-21.3393,55.4781,84.99,65,20,5.75,RE,1613019093
225,,-24.7081,-47.5553,72.48,87,65,3.51,BR,1613019260
226,,11.7139,-72.266,73.29,82,0,6.44,CO,1613019261
227,,32.7701,-108.2803,46,38,1,9.22,US,1613019261
228,,64.8569,-147.8028,1.99,71,75,2.21,US,1613019261
229,,7.4167,81.8167,79.07,67,60,10.98,LK,1613019139
230,,-16.4611,-49.9617,66.13,92,53,1.95,BR,1613019261
231,,22.5,82.55,82.83,19,66,2.35,IN,1613019261
232,,70.6333,147.9167,-13.07,89,22,6.78,RU,1613019075
233,,63.8385,23.1307,10,85,75,3.44,FI,1613019262
234,,77.484,-69.3632,7.14,77,95,11.14,GL,1613019185
235,,28.5004,-13.8627,64.4,72,90,4.61,ES,1613019262
236,,18.7333,-103.6833,66.51,88,15,2.93,MX,1613019193
237,,49.5776,111.9753,22.01,91,100,17.36,RU,1613019262
238,,41.409,-75.6624,24.8,80,90,1.07,US,1613019262
239,,65.9939,57.5281,-22.68,88,96,6.53,RU,1613019207
240,,-28.24,-48.6703,69.8,94,0,3.09,BR,1613019263
241,,70.3705,31.1107,21.2,63,75,17.27,NO,1613019113
242,,39.7156,21.6181,51.8,81,20,3.62,GR,1613019263
243,,-1.3959,120.7524,87.67,60,61,6.24,ID,1613019263
244,,37.3191,-8.8033,56.48,92,99,6.08,PT,1613019263
245,,35.1333,140.3,55.4,30,20,19.57,JP,1613019263
246,,27.8006,-97.3964,60.8,100,90,16.11,US,1613019264
247,,-25.2406,130.9889,95,38,40,11.5,AU,1613019264
248,,20.9667,-88.6167,70.56,90,0,7.31,MX,1613019264
249,,41.3712,-73.414,25,80,90,1.28,US,1613019264
250,,-26.6481,15.1594,65.82,80,83,6.24,NA,1613019116
251,,-8.345,113.6058,83.52,76,60,7.05,ID,1613019264
252,,-35.1667,173.1667,67.12,66,75,11.23,NZ,1613019265
253,,51.1494,-100.0502,-22,63,1,8.05,CA,1613019152
254,,40.1629,-8.3327,57,94,100,1.01,PT,1613019265
255,,69.4865,88.3972,-16.58,82,0,2.3,RU,1613019181
256,,40.8516,122.7475,47.91,50,0,15.01,CN,1613019265
257,,55.1001,-105.2842,-27.4,62,89,3.44,CA,1613019054
258,,30.0502,-98.0336,37.99,78,100,1.01,US,1613019266
259,,54.2797,-0.4044,35.01,64,93,7.7,GB,1613019266
260,,13.5928,-89.8275,76.98,72,0,5.44,SV,1613019266
261,,62.5833,6.1333,23,54,0,16.11,NO,1613019266
262,,-3.6805,-80.6782,77.07,76,99,2.17,PE,1613019266
263,,-25.0519,33.6442,79.45,82,4,13.44,MZ,1613019266
264,,64.8378,-147.7164,1.99,84,1,1.81,US,1613019212
265,,27.0167,-108.9333,62.01,76,0,1.36,MX,1613019267
266,,55.6428,95.4522,-2.78,87,100,9.51,RU,1613019267
267,,63.4427,-20.2734,40.73,70,100,27.51,IS,1613019267
268,,27.2315,111.4525,60.37,68,61,2.8,CN,1613019267
269,,67.8006,130.4114,0.23,89,83,3.04,RU,1613019203
270,,-9.1667,-60.6333,72.52,98,100,0.65,BR,1613019267
271,,8.6698,15.3813,62.37,24,100,2.08,TD,1613019268
272,,-3.6954,128.1814,93.2,55,40,5.75,ID,1613019268
273,,12.485,-16.5469,69.8,83,0,4.61,SN,1613019268
274,,38.3396,-122.7011,50,93,90,4.61,US,1613019268
275,,44.9369,-91.3929,-2.2,65,1,4.61,US,1613019269
276,,30.4833,-115.95,55.78,82,1,11.23,MX,1613019152
277,,47.6666,-52.7314,21,73,90,25.32,CA,1613019269
278,,42.1584,-72.3287,19.99,73,90,1.3,US,1613019122
279,,8.9667,37.7667,60.31,62,87,2.57,ET,1613019269
280,,40.8021,-124.1637,44.01,92,83,3.67,US,1613018984
281,,-16.7,-151.0167,80.78,69,22,19.98,PF,1613019270
282,,2.4312,103.8405,82.85,68,71,10.45,MY,1613019270
283,,47.6553,24.6633,37,89,100,1.99,RO,1613019270
284,,50,88.6667,-8.05,73,40,1.12,RU,1613019270
285,,31.61,34.7642,52,87,0,1.14,IL,1613019185
286,,70.4692,-68.5914,3.2,92,0,40.29,CA,1613019271
287,,73.5069,80.5464,-22.79,86,1,3.6,RU,1613019271
288,,-14.4547,-56.8028,72.52,89,100,1.01,BR,1613019271
289,,65.8167,87.9833,-14.44,88,100,7.18,RU,1613019126
290,,-2.0226,147.2712,81.55,81,100,10.11,PG,1613019272
291,,56.8944,74.371,-21.14,86,0,4.79,RU,1613019272
292,,10.3997,-75.5144,78.8,83,0,8.05,CO,1613019071
293,,24.3126,109.3892,65.35,56,1,8.57,CN,1613019272
294,,19.5847,-70.9849,70,87,0,3,DO,1613019272
295,,53.7841,82.3116,-20.16,86,17,4.25,RU,1613019273
296,,21.4267,39.8261,74.95,46,0,2.86,SA,1613019079
297,,68.0546,166.4372,-6.97,84,94,1.97,RU,1613019273
298,,49.0171,25.798,32,96,100,5.01,UA,1613019273
299,,-17.7333,-149.15,78.8,69,75,10.36,PF,1613019273
300,,62.1535,45.1175,-11.72,88,42,3.36,RU,1613019273
301,,38.4674,14.954,57,73,77,18.01,IT,1613019273
302,,27.4333,82.1833,70.92,42,0,4.63,IN,1613019274
303,,-32.7167,152.15,86,44,20,10.36,AU,1613019274
304,,-34.5833,150.8552,82,57,0,5.01,AU,1613019274
305,,54.3161,-130.3201,23,41,1,10.36,CA,1613019268
306,,33.5928,-7.6192,48.2,100,90,3.44,MA,1613019274
307,,54.1757,15.5834,25,75,98,14.05,PL,1613019218
308,,69.1933,33.2531,-4,84,40,2.24,RU,1613019275
309,,57.79,-152.4072,37.4,70,90,34.52,US,1613019275
310,,56.9064,118.2631,15.8,86,65,7.99,RU,1613019275
311,,43.3236,145.575,28.4,50,75,10.36,JP,1613019276
312,,34.7333,135.5833,57.2,38,40,13.8,JP,1613019276
313,,-5.95,34.1333,61.65,99,100,2.06,TZ,1613019276
314,,46.283,-96.0776,-11.2,64,1,6.91,US,1613019276
315,,19.2167,-98.8083,57.2,72,20,4.61,MX,1613019276
316,,-1.2675,116.8289,86.25,67,100,4.05,ID,1613019277
317,,28.9684,50.8385,60.8,100,96,6.91,IR,1613019277
318,,-16.4833,-151.75,81.36,72,43,18.66,PF,1613019277
319,,18.217,-63.0578,77,78,40,8.05,AI,1613019277
320,,-2.6283,-56.7358,72.79,98,96,1.95,BR,1613019277
321,,48.8125,103.5347,18.21,91,61,1.88,MN,1613019277
322,,63.4453,120.3167,-12.01,88,95,2.35,RU,1613019278
323,,53.5237,-2.4935,28.99,62,0,4,GB,1613019278
324,,15.7432,-96.4661,75,80,0,1.01,MX,1613019278
325,,-14.4667,132.2667,91.4,55,40,5.75,AU,1613019278
326,,-35.3333,-72.4167,61.2,91,82,1.45,CL,1613019278
327,,-19.8436,34.8389,75.6,91,38,11.52,MZ,1613019279
328,,65.282,-126.8329,-14.8,76,20,11.5,CA,1613019279
329,,43.3578,76.8594,32,93,90,4.47,KZ,1613019279
330,,55.2689,66.4947,-14.73,86,0,5.3,RU,1613019279
331,,-22.9575,14.5053,68,88,99,4.61,NA,1613019279
332,,-12.1528,-44.99,68.92,90,83,0.89,BR,1613019279
333,,12.25,109.1833,78.8,57,75,18.41,VN,1613019159
334,,30.3333,10.85,49.69,44,0,4.36,LY,1613019280
335,,23.6137,114.1919,68.72,59,23,4.34,CN,1613019280
336,,69.0125,23.0412,11.46,90,100,5.86,NO,1613019280
337,,-2.6741,141.3028,82.78,81,84,10.63,PG,1613019280
338,,53.5739,142.9478,24.64,97,99,3.62,RU,1613019280
339,,60.1432,-45.2371,23.29,88,40,10.76,GL,1613019280
340,,-0.1676,37.0213,59.27,68,71,2.62,KE,1613019281
341,,-20.8636,-46.3881,62.74,95,17,2.84,BR,1613019281
342,,63.7506,-68.5145,1.4,78,1,6.91,CA,1613019281
343,,34.9833,139.8667,55.4,41,20,10.36,JP,1613019281
344,,48.5872,57.1869,28.22,98,100,12.71,KZ,1613019281
345,,59.6481,67.41,-22.9,86,0,5.95,RU,1613019282
346,,-11.7461,-44.91,69.31,92,99,1.45,BR,1613019282
347,,-35.7167,150.1833,82,75,2,8.01,AU,1613019282
348,,-2.5744,150.7967,82.18,78,88,8.93,PG,1613019282
349,,9.4942,50.8122,75.27,72,100,15.86,SO,1613019282
350,,22.7333,77.4333,79.63,19,98,3.8,IN,1613019282
351,,2.7746,32.299,75.67,47,98,2.13,UG,1613019283
352,,3.4136,30.9599,73.85,39,73,4.27,UG,1613019283
353,,56.555,76.6271,-20.13,85,0,7.65,RU,1613019283
354,,61.1417,45.9144,-12.19,88,30,3.6,RU,1613019283
355,,27.65,79.95,71.55,41,0,4.88,IN,1613019283
356,,-8.2578,-49.2647,73.22,93,100,1.63,BR,1613019283
357,,-51.6226,-69.2181,62.6,72,0,12.66,AR,1613019109
358,,36.5333,114.1111,62.44,29,17,7.52,CN,1613019284
359,,11.2833,-15.8333,76.51,66,83,12.8,GW,1613019284
360,,-6.9811,-34.8339,78.8,94,75,8.05,BR,1613019140
361,,9.6697,122.4256,83.28,71,30,7.61,PH,1613019284
362,,-6.1349,12.3689,80.06,85,100,1.9,AO,1613019102
363,,37.8063,-0.8374,53.01,76,0,4.61,ES,1613019285
364,,-7.8447,-79.1469,73.63,72,100,4.29,PE,1613019285
365,,64.5011,-165.4064,-7.6,45,1,10.36,US,1613019285
366,,32.3219,118.2978,59.04,61,94,12.84,CN,1613019285
367,,65.4167,-52.9,14.5,86,0,4.45,GL,1613019285
368,,27.7167,85.3167,57.2,72,20,2.3,NP,1613019127
369,,46.4775,30.7326,39.2,100,90,11.18,UA,1613019285
370,,35.1894,-114.053,46.4,42,1,8.05,US,1613019286
371,,41.9908,122.8253,50,29,0,20.13,CN,1613019286
372,,12.5847,-81.7006,80.6,69,20,6.91,CO,1613019139
373,,2.8197,-60.6733,77,69,0,6.91,BR,1613019286
374,,-30.3167,149.7833,87.8,27,14,8.05,AU,1613019286
375,,-6.3424,106.1045,86,70,75,11.5,ID,1613019287
376,,63.2842,118.3319,-9.8,89,100,2.84,RU,1613019287
377,,51.1537,37.8879,21.97,97,100,4.74,RU,1613019287
378,,42.5397,128.9972,44.02,56,48,2.98,CN,1613019287
379,,-3.3667,135.4833,87.33,63,100,3.33,ID,1613019287
380,,47.4833,3.9,20.35,93,17,9.66,FR,1613019288
381,,-24.1333,19.1167,72.16,57,94,8.16,NA,1613019144
382,,17.65,83.2667,78.64,52,48,2.04,IN,1613019288
383,,4.9247,6.2642,77.29,93,12,0.49,NG,1613019288
384,,70.8578,29.0864,21.2,73,20,8.05,NO,1613019288
385,,-6.0911,-35.2086,80.6,83,40,11.5,BR,1613019289
386,,54.695,11.3889,19,100,36,11.5,DK,1613019289
387,,36.6177,-121.9166,52,76,1,4.61,US,1613019289
388,,-33.6971,-53.4616,68.63,89,41,9.69,UY,1613019044
389,,25.3833,97.4,83.46,26,10,1.97,MM,1613019290
390,,40.9372,38.2291,46.4,87,0,6.55,TR,1613019290
391,,-20.2078,57.7625,84,65,30,8.99,MU,1613019290
392,,-31.95,141.4333,98.6,16,2,10.36,AU,1613019146
393,,44.6714,37.7433,50,81,90,13.42,RU,1613019291
394,,52.9594,63.1206,-2.2,78,0,6.71,KZ,1613019291
395,,-13.8745,-171.5986,86,84,99,13,WS,1613019073
396,,49.7502,-77.6328,-9.4,77,1,9.22,CA,1613019291
397,,41.6096,-4.7969,48.99,100,90,6.91,ES,1613019291
398,,-9.0122,-35.2225,76.95,87,13,7.87,BR,1613019292
399,,5.9485,80.5353,83.82,60,41,4.59,LK,1613019292
400,,22.7886,100.9748,68.63,42,0,4.12,CN,1613019292
401,,-20.2333,164.0167,79.47,74,1,16.51,NC,1613019292
402,,7.0419,134.2556,86,70,75,13.8,PW,1613019292
403,,46.6806,113.2792,24.96,93,36,26.87,MN,1613019293
404,,69.3,139.9,-20.49,90,83,2.15,RU,1613019293
405,,14.3167,76.65,79.2,29,79,8.77,IN,1613019293
406,,-19.7625,-44.3139,69.8,88,0,3.44,BR,1613019293
407,,48.5168,-72.2324,1.4,71,20,9.22,CA,1613019293
408,,-13.2,49.05,79.45,84,96,2.93,MG,1613019250
409,,-30.1606,-53.5653,67.1,95,99,6.93,BR,1613019294
410,,54.7682,-101.865,-31.27,84,86,5.06,CA,1613019294
411,,16.35,-86.4333,78.8,89,20,18.41,HN,1613019294
412,,14.2,24.6667,57.45,54,0,10.8,SD,1613019294
413,,-0.95,-80.7333,77,88,0,3.44,EC,1613019294
414,,0.5333,72.9333,81.64,80,54,11.05,MV,1613019128
415,,64.9225,77.785,-18,77,100,11.12,RU,1613019295
416,,50.1763,30.1043,19.4,86,75,6.71,UA,1613019295
417,,-17.8,-63.1667,69.8,88,90,6.91,BO,1613019295
418,,25.6937,-80.1628,75.2,83,40,10.36,US,1613019295
419,,59.5667,150.8,18.81,90,100,5.64,RU,1613019295
420,,-20.3297,-40.2925,75.2,94,40,2.3,BR,1613019296
421,,-8.103,156.8419,84.13,75,97,12.06,SB,1613019296
422,,33.7681,120.2517,57.69,37,100,9.66,CN,1613019296
423,,52.4752,1.7516,33.01,72,91,1.99,GB,1613019296
424,,22.6163,120.3133,80.6,61,20,13.8,TW,1613019127
425,,18.7833,-99.2333,72,49,22,1.45,MX,1613019297
426,,-0.8833,131.25,85.33,68,86,5.17,ID,1613019163
427,,5.8933,95.3214,83.25,70,1,8.5,ID,1613019297
428,,-11.6725,-61.1936,72.25,97,100,2.13,BR,1613019297
429,,-38.9516,-68.0591,75.2,38,0,10.36,AR,1613019022
430,,-10.0681,-78.1522,72.93,72,93,2.98,PE,1613019298
431,,61.95,159.2333,10.29,89,15,7.4,RU,1613019146
432,,-38.2667,141.9667,95.49,21,99,21.52,AU,1613019298
433,,-20.7333,139.5,96.8,36,75,11.5,AU,1613019298
434,,41.1415,-73.3579,30,59,100,2.51,US,1613019299
435,,60.7161,-135.0538,-18,69,20,18.41,CA,1613019299
436,,-20.0064,57.6608,84,65,50,8.99,MU,1613019299
437,,-32.035,-52.0986,73,91,97,5.99,BR,1613019287
438,,49.9745,15.5937,15.8,85,90,8.05,CZ,1613019299
439,,-23.1333,150.7333,86,45,32,12.66,AU,1613019136
440,,-21.3667,55.6167,84.99,65,20,5.75,RE,1613019299
441,,6.4965,2.6036,82.4,89,40,11.5,BJ,1613019300
442,,37.1753,-113.2899,53.01,37,1,1.05,US,1613019300
443,,55.3422,-131.6461,23,53,1,3.44,US,1613019300
444,,-6.1219,141.2906,84.74,87,61,4.45,PG,1613019300
445,,-0.9492,100.3543,86,66,20,2.3,ID,1613019222
446,,-2.5364,-57.76,73.08,96,95,2.24,BR,1613019058
447,,51.0239,45.6969,10.99,54,100,5.01,RU,1613019301
448,,45.4375,40.5756,46,79,69,11.48,RU,1613019070
449,,49.8668,-111.3684,-18.4,69,100,2.3,CA,1613019301
450,,9.1429,18.3923,68,34,0,2.35,TD,1613019301
451,,25.4167,86.1333,73.99,46,0,4.09,IN,1613019301
452,,18.2164,42.5053,50,81,0,3.11,SA,1613019302
453,,32.3502,-85.1999,57.2,94,75,2.55,US,1613019302
454,,63.2909,18.7153,10.4,79,2,11.5,SE,1613019302
455,,-20.0167,148.2333,80.6,78,40,9.22,AU,1613019302
456,,48.7555,-91.6216,-18.09,88,98,4.18,CA,1613019302
457,,26.1842,127.7558,64.4,82,90,25.32,JP,1613019302
458,,46.5389,138.3297,29.59,84,0,3.74,RU,1613019303
459,,10.0667,34.5333,67.05,26,85,7.05,ET,1613019303
460,,60.3778,92.6267,-9.49,84,99,8.66,RU,1613019303
461,,39.1502,-123.2078,51.8,71,1,3.44,US,1613019195
462,,-28.783,32.0377,77.18,77,98,2.21,ZA,1613019303
463,,-44.7,169.15,58.51,54,88,7.85,NZ,1613019304
464,,53.9353,139.9242,14.38,96,66,8.5,RU,1613019304
465,,1,-52,71.29,98,98,2.91,BR,1613019304
466,,69.4058,86.1778,-18.56,81,0,2.98,RU,1613019304
467,,-1.5746,9.2618,77.54,91,88,1.95,GA,1613019304
468,,32.944,-103.3485,26.6,100,90,12.66,US,1613019304
469,,17.8868,-77.5902,72.34,85,1,7.61,JM,1613019305
470,,52.9599,4.7593,25,93,92,2.3,NL,1613019026
471,,-7.0067,39.2985,73.4,88,75,8.05,TZ,1613019305
472,,32.442,105.823,52,62,27,3.56,CN,1613019305
473,,66.1451,-65.7125,3.83,70,0,2.3,CA,1613019305
474,,35.5,134.2333,51.8,50,20,4.61,JP,1613019269
475,,-35.1,173.7833,72,70,98,7,NZ,1613019305
476,,-20.5167,57.5167,84,65,98,8.99,MU,1613019306
477,,16.0667,76.05,80.11,24,78,6.8,IN,1613019306
478,,34.1667,77.5833,15.94,69,0,1.57,IN,1613019036
479,,-22.45,18.9667,65.32,82,97,4.94,NA,1613019306
480,,-29.9533,-71.3436,62.6,88,90,6.91,CL,1613019306
481,,20.931,-17.0347,62.6,77,0,17.27,MR,1613019307
482,,-6.8844,112.2051,82.69,80,99,8.08,ID,1613019307
483,,-23.6752,22.7876,68.94,76,98,5.59,BW,1613019307
484,,19.8856,102.1347,64.4,68,0,4.61,LA,1613019307
485,,53.6039,91.3903,3.2,55,100,17.9,RU,1613019307
486,,42.2506,-75.833,21,62,90,3.44,US,1613019200
487,,29.2589,120.2311,50.34,91,100,3.8,CN,1613019308
488,,-5.8958,22.4178,68.56,94,100,1.32,CD,1613019308
489,,-3.1019,-60.025,78.8,89,20,4.61,BR,1613019230
490,,19.3167,95.1833,92.35,18,0,4.05,MM,1613019308
491,,22.5455,114.0683,66.99,86,3,1.99,CN,1613019308
492,,-10.6167,150.6667,86.09,67,55,13.71,PG,1613019188
493,,63.05,179.3167,-23.78,85,78,14.47,RU,1613019147
494,,36.8197,21.7049,54,100,20,13.65,GR,1613019309
495,,-11.0964,-77.6139,73.08,69,90,4.32,PE,1613019309
496,,55.5167,24.3,8.6,78,90,6.91,LT,1613019309
497,,-4.9,35.7833,62.94,98,100,0.47,TZ,1613019309
498,,18.9048,-3.5265,65.35,21,39,11.16,ML,1613019309
499,,20,-3,62.58,24,66,11.45,ML,1613019310
500,,39.1332,16.0746,55.4,76,75,25.32,IT,1613019310
501,,60.8004,21.4084,-2.2,78,0,4.61,FI,1613019310
502,,63.8424,-22.4338,35.6,93,90,21.85,IS,1613019098
503,,4.9333,-52.3333,75.2,100,90,1.14,GF,1613019310
504,,41.1754,29.6133,55.4,62,0,6.91,TR,1613019311
505,,37.0373,-95.6164,15.8,79,90,13.8,US,1613019126
506,,64.1835,-51.7216,24.8,93,75,4.61,GL,1613019311
507,,8.0777,22.4007,63.25,28,73,3.96,CF,1613019311
508,,68.7098,-52.8699,10.04,94,44,13.2,GL,1613019311
509,,39.2342,106.3439,41.05,50,5,9.48,CN,1613019311
510,,51.226,-58.6502,19.31,97,100,5.23,CA,1613019311
511,,-5.9,-76.0833,75.09,91,100,0.47,PE,1613019312
512,,57.2639,103.7519,5.2,92,99,0.69,RU,1613019312
513,,40.4272,71.7189,48.2,81,88,4.61,UZ,1613019312
514,,42.0551,59.3788,28.4,74,0,6.91,TM,1613019312
515,,17.0818,122.4157,84.06,67,9,3.96,PH,1613019120
516,,66.3167,-179.1667,-25.87,82,1,12.57,RU,1613019312
517,,-22.5442,-44.1714,71.6,88,40,5.75,BR,1613019313
518,,-31.4333,152.9167,77,47,40,10.36,AU,1613019313
519,,10.9878,-74.9547,78.8,73,0,4.61,CO,1613019313
520,,58.5667,5.7,19,67,0,6.91,NO,1613019313
521,,-22.8667,-52.5667,69.19,85,98,5.7,BR,1613019314
522,,27.0167,95.5667,69.82,45,33,3.02,IN,1613019077
523,,26.326,43.975,48.2,100,0,2.3,SA,1613019242
524,,-36.8333,175.7,73.44,54,55,4.27,NZ,1613019141
525,,4.8845,-1.7554,79.09,87,1,7.76,GH,1613019314
526,,-21.6403,-41.0511,73.26,91,87,3.51,BR,1613019121
527,,32.5189,34.9046,53.01,87,0,1.14,IL,1613019315
528,,31.6546,-106.3033,62.6,16,75,9.22,US,1613019315
529,,16.08,97.5675,82.51,44,0,4.29,MM,1613019315
530,,-5.5569,-80.8222,76.91,71,96,6.53,PE,1613019315
531,,21.3469,-158.0858,75.2,50,90,5.75,US,1613019117
532,,38.9342,100.4517,49.93,36,0,10.31,CN,1613019315
533,,-12.0167,17.4833,58.17,95,99,2.26,AO,1613019316
534,,50.2334,-63.5986,1.4,66,40,17.27,CA,1613019143
535,,-14.25,129.55,87.84,66,78,9.8,AU,1613019316
536,,41.8069,126.9078,41.88,62,0,3.89,CN,1613019316
537,,36.2083,-115.9839,53.01,42,0,1.99,US,1613019219
538,,-15.8167,-67.55,62.4,96,100,0.47,BO,1613019316
539,,55.0033,41.2971,-1.28,93,84,6.98,RU,1613019317
540,,29.5958,-90.7195,68,94,90,6.91,US,1613019074
541,,46.8333,124.4167,30.56,95,83,16.58,CN,1613019317
542,,41.8666,-103.6672,8.6,78,90,16.11,US,1613019317
543,,56.45,138.1667,23.72,97,100,12.82,RU,1613019317
544,,27.9769,-114.0611,56.39,79,49,14.34,MX,1613019317
545,,52,127.7,14.29,95,100,8.86,RU,1613019318
546,,-9.8756,-56.0861,70.79,96,100,1.07,BR,1613019318
547,,58.6978,81.4825,-12.55,88,100,10.45,RU,1613019318
548,,49.7386,84.2719,4.05,90,100,1.19,KZ,1613019318
549,,57.8,158.6667,19.74,94,54,8.86,RU,1613019318
550,,43.6125,122.2653,37.42,82,45,17.6,CN,1613019319
551,,19.1059,37.3321,75.09,78,18,8.37,SD,1613019319
552,,41.9563,42.9566,44.6,87,0,8.05,GE,1613019319
553,,-8.8368,13.2343,78.8,83,40,4.61,AO,1613019174
554,,48.9634,32.2349,21.85,96,42,7.63,UA,1613019319
555,,25.0389,102.7183,61,62,40,13.42,CN,1613019320
556,,39.1834,-84.5333,21.99,86,90,11.5,US,1613019298
557,,-30.3833,153.1,77,53,40,11.5,AU,1613019320
558,,52.0833,59.725,1.22,92,95,7.25,RU,1613019320
559,,32.0724,-84.2327,60.8,94,90,2.57,US,1613019320
560,,39.4696,3.1483,48,93,20,3.44,ES,1613019320
561,,42.0411,-87.6901,12,56,90,13.8,US,1613019063
562,,7.7102,81.6924,78.33,64,73,8.55,LK,1613019321
563,,29.9833,75.3833,73.24,24,0,2.51,IN,1613019321
564,,52.6333,29.7333,7.21,95,100,5.26,BY,1613019321
565,,-0.9131,122.8766,84.06,71,100,2.21,ID,1613019321
566,,20.0667,79.6667,82.31,15,18,3.53,IN,1613019321
567,,56.8479,124.9104,10.08,93,100,5.19,RU,1613019322
568,,20.5083,-86.9458,75.99,91,0,1.99,MX,1613019322
569,,60.5544,-151.2583,19.99,79,90,16.11,US,1613019322
570,,-12.1333,-75.2333,49.33,74,100,1.03,PE,1613019322
571,,33.0559,113.7978,60.64,41,0,2.13,CN,1613019322
572,,-25.2667,23.2833,71.47,71,71,1.63,BW,1613019322
573,,27.9248,-15.5733,60.8,67,20,6.91,ES,1613019323
